NUTS_LEVEL3_ID,NUTS_LEVEL0_ID,FOREST_ZONE
AT111,AT,Central-West Europe
AT112,AT,Central-West Europe
AT113,AT,Central-West Europe
AT121,AT,Central-West Europe
AT122,AT,Central-West Europe
AT123,AT,Central-West Europe
AT124,AT,Central-West Europe
AT125,AT,Central-West Europe
AT126,AT,Central-West Europe
AT127,AT,Central-West Europe
AT130,AT,Central-West Europe
AT211,AT,Central-West Europe
AT212,AT,Central-West Europe
AT213,AT,Central-West Europe
AT221,AT,Central-West Europe
AT222,AT,Central-West Europe
AT223,AT,Central-West Europe
AT224,AT,Central-West Europe
AT225,AT,Central-West Europe
AT226,AT,Central-West Europe
AT311,AT,Central-West Europe
AT312,AT,Central-West Europe
AT313,AT,Central-West Europe
AT314,AT,Central-West Europe
AT315,AT,Central-West Europe
AT321,AT,Central-West Europe
AT322,AT,Central-West Europe
AT323,AT,Central-West Europe
AT331,AT,Central-West Europe
AT332,AT,Central-West Europe
AT333,AT,Central-West Europe
AT334,AT,Central-West Europe
AT335,AT,Central-West Europe
AT341,AT,Central-West Europe
AT342,AT,Central-West Europe
BE100,BE,Central-West Europe
BE211,BE,Central-West Europe
BE212,BE,Central-West Europe
BE213,BE,Central-West Europe
BE224,BE,Central-West Europe
BE225,BE,Central-West Europe
BE223,BE,Central-West Europe
BE231,BE,Central-West Europe
BE232,BE,Central-West Europe
BE233,BE,Central-West Europe
BE234,BE,Central-West Europe
BE235,BE,Central-West Europe
BE236,BE,Central-West Europe
BE241,BE,Central-West Europe
BE242,BE,Central-West Europe
BE251,BE,Central-West Europe
BE252,BE,Central-West Europe
BE253,BE,Central-West Europe
BE254,BE,Central-West Europe
BE255,BE,Central-West Europe
BE256,BE,Central-West Europe
BE257,BE,Central-West Europe
BE258,BE,Central-West Europe
BE310,BE,Central-West Europe
BE32A,BE,Central-West Europe
BE32B,BE,Central-West Europe
BE323,BE,Central-West Europe
BE328,BE,Central-West Europe
BE32C,BE,Central-West Europe
BE32D,BE,Central-West Europe
BE331,BE,Central-West Europe
BE332,BE,Central-West Europe
BE334,BE,Central-West Europe
BE335,BE,Central-West Europe
BE336,BE,Central-West Europe
BE341,BE,Central-West Europe
BE342,BE,Central-West Europe
BE343,BE,Central-West Europe
BE344,BE,Central-West Europe
BE345,BE,Central-West Europe
BE351,BE,Central-West Europe
BE352,BE,Central-West Europe
BE353,BE,Central-West Europe
BE329,BE,Central-West Europe
BG341,BG,South-East Europe
BG342,BG,South-East Europe
BG343,BG,South-East Europe
BG344,BG,South-East Europe
BG411,BG,South-East Europe
BG412,BG,South-East Europe
BG413,BG,South-East Europe
BG414,BG,South-East Europe
BG415,BG,South-East Europe
BG421,BG,South-East Europe
BG422,BG,South-East Europe
BG423,BG,South-East Europe
BG424,BG,South-East Europe
BG425,BG,South-East Europe
BG311,BG,South-East Europe
BG312,BG,South-East Europe
BG313,BG,South-East Europe
BG314,BG,South-East Europe
BG315,BG,South-East Europe
BG321,BG,South-East Europe
BG322,BG,South-East Europe
BG323,BG,South-East Europe
BG324,BG,South-East Europe
BG325,BG,South-East Europe
BG331,BG,South-East Europe
BG332,BG,South-East Europe
BG333,BG,South-East Europe
BG334,BG,South-East Europe
HR031,HR,South-East Europe
HR032,HR,South-East Europe
HR033,HR,South-East Europe
HR034,HR,South-East Europe
HR035,HR,South-East Europe
HR036,HR,South-East Europe
HR037,HR,South-East Europe
HR050,HR,South-East Europe
HR065,HR,South-East Europe
HR064,HR,South-East Europe
HR062,HR,South-East Europe
HR063,HR,South-East Europe
HR061,HR,South-East Europe
HR021,HR,South-East Europe
HR022,HR,South-East Europe
HR023,HR,South-East Europe
HR024,HR,South-East Europe
HR025,HR,South-East Europe
HR026,HR,South-East Europe
HR027,HR,South-East Europe
HR028,HR,South-East Europe
CY000,CY,South-East Europe
CZ010,CZ,Central-East Europe
CZ020,CZ,Central-East Europe
CZ031,CZ,Central-East Europe
CZ032,CZ,Central-East Europe
CZ041,CZ,Central-East Europe
CZ042,CZ,Central-East Europe
CZ051,CZ,Central-East Europe
CZ052,CZ,Central-East Europe
CZ053,CZ,Central-East Europe
CZ063,CZ,Central-East Europe
CZ064,CZ,Central-East Europe
CZ071,CZ,Central-East Europe
CZ072,CZ,Central-East Europe
CZ080,CZ,Central-East Europe
DK032,DK,North Europe
DK041,DK,North Europe
DK042,DK,North Europe
DK050,DK,North Europe
DK011,DK,North Europe
DK012,DK,North Europe
DK013,DK,North Europe
DK014,DK,North Europe
DK021,DK,North Europe
DK022,DK,North Europe
DK031,DK,North Europe
EE001,EE,North Europe
EE004,EE,North Europe
EE009,EE,North Europe
EE00A,EE,North Europe
EE008,EE,North Europe
FI193,FI,North Europe
FI194,FI,North Europe
FI195,FI,North Europe
FI196,FI,North Europe
FI197,FI,North Europe
FI1B1,FI,North Europe
FI1D7,FI,North Europe
FI1D8,FI,North Europe
FI1D9,FI,North Europe
FI200,FI,North Europe
FI1C1,FI,North Europe
FI1C2,FI,North Europe
FI1C3,FI,North Europe
FI1C4,FI,North Europe
FI1C5,FI,North Europe
FI1D1,FI,North Europe
FI1D2,FI,North Europe
FI1D3,FI,North Europe
FI1D5,FI,North Europe
FRJ13,FR,Central-West Europe
FRJ14,FR,Central-West Europe
FRJ15,FR,Central-West Europe
FRJ21,FR,Central-West Europe
FRK24,FR,Central-West Europe
FRK25,FR,Central-West Europe
FRK26,FR,Central-West Europe
FRK27,FR,Central-West Europe
FRK28,FR,Central-West Europe
FRJ22,FR,Central-West Europe
FRJ23,FR,Central-West Europe
FRJ24,FR,Central-West Europe
FRJ25,FR,Central-West Europe
FRJ26,FR,Central-West Europe
FRJ27,FR,Central-West Europe
FRJ28,FR,Central-West Europe
FRK11,FR,Central-West Europe
FRK12,FR,Central-West Europe
FRK13,FR,Central-West Europe
FRK14,FR,Central-West Europe
FRK21,FR,Central-West Europe
FRK22,FR,Central-West Europe
FRK23,FR,Central-West Europe
FRL01,FR,Central-West Europe
FRL02,FR,Central-West Europe
FRL03,FR,Central-West Europe
FRL04,FR,Central-West Europe
FRL05,FR,Central-West Europe
FRL06,FR,Central-West Europe
FRM01,FR,Central-West Europe
FRM02,FR,Central-West Europe
FR101,FR,Central-West Europe
FR102,FR,Central-West Europe
FR103,FR,Central-West Europe
FR104,FR,Central-West Europe
FR105,FR,Central-West Europe
FR106,FR,Central-West Europe
FR107,FR,Central-West Europe
FR108,FR,Central-West Europe
FRB01,FR,Central-West Europe
FRB02,FR,Central-West Europe
FRB03,FR,Central-West Europe
FRB04,FR,Central-West Europe
FRB05,FR,Central-West Europe
FRB06,FR,Central-West Europe
FRC11,FR,Central-West Europe
FRC12,FR,Central-West Europe
FRC13,FR,Central-West Europe
FRC14,FR,Central-West Europe
FRC21,FR,Central-West Europe
FRC22,FR,Central-West Europe
FRC23,FR,Central-West Europe
FRC24,FR,Central-West Europe
FRD11,FR,Central-West Europe
FRD12,FR,Central-West Europe
FRD13,FR,Central-West Europe
FRD21,FR,Central-West Europe
FRD22,FR,Central-West Europe
FRE11,FR,Central-West Europe
FRE12,FR,Central-West Europe
FRE21,FR,Central-West Europe
FRE22,FR,Central-West Europe
FRE23,FR,Central-West Europe
FRF11,FR,Central-West Europe
FRF12,FR,Central-West Europe
FRF21,FR,Central-West Europe
FRF22,FR,Central-West Europe
FRF23,FR,Central-West Europe
FRF24,FR,Central-West Europe
FRF31,FR,Central-West Europe
FRF32,FR,Central-West Europe
FRF33,FR,Central-West Europe
FRF34,FR,Central-West Europe
FRG01,FR,Central-West Europe
FRG02,FR,Central-West Europe
FRG03,FR,Central-West Europe
FRG04,FR,Central-West Europe
FRG05,FR,Central-West Europe
FRH01,FR,Central-West Europe
FRH02,FR,Central-West Europe
FRH03,FR,Central-West Europe
FRH04,FR,Central-West Europe
FRI11,FR,Central-West Europe
FRI12,FR,Central-West Europe
FRI13,FR,Central-West Europe
FRI14,FR,Central-West Europe
FRI15,FR,Central-West Europe
FRI21,FR,Central-West Europe
FRI22,FR,Central-West Europe
FRI23,FR,Central-West Europe
FRI31,FR,Central-West Europe
FRI32,FR,Central-West Europe
FRI33,FR,Central-West Europe
FRI34,FR,Central-West Europe
FRJ11,FR,Central-West Europe
FRJ12,FR,Central-West Europe
FRY10,FR,Central-West Europe
FRY20,FR,Central-West Europe
FRY30,FR,Central-West Europe
FRY40,FR,Central-West Europe
FRY50,FR,Central-West Europe
DE254,DE,Central-West Europe
DE255,DE,Central-West Europe
DE256,DE,Central-West Europe
DE257,DE,Central-West Europe
DE258,DE,Central-West Europe
DE259,DE,Central-West Europe
DE25A,DE,Central-West Europe
DE25B,DE,Central-West Europe
DE25C,DE,Central-West Europe
DE261,DE,Central-West Europe
DE262,DE,Central-West Europe
DE263,DE,Central-West Europe
DE264,DE,Central-West Europe
DE265,DE,Central-West Europe
DE266,DE,Central-West Europe
DE267,DE,Central-West Europe
DE268,DE,Central-West Europe
DE269,DE,Central-West Europe
DE26A,DE,Central-West Europe
DE26B,DE,Central-West Europe
DE26C,DE,Central-West Europe
DE271,DE,Central-West Europe
DE272,DE,Central-West Europe
DE273,DE,Central-West Europe
DE274,DE,Central-West Europe
DE111,DE,Central-West Europe
DE112,DE,Central-West Europe
DE113,DE,Central-West Europe
DE114,DE,Central-West Europe
DE115,DE,Central-West Europe
DE116,DE,Central-West Europe
DE117,DE,Central-West Europe
DE118,DE,Central-West Europe
DE119,DE,Central-West Europe
DE11A,DE,Central-West Europe
DE11B,DE,Central-West Europe
DE11C,DE,Central-West Europe
DE11D,DE,Central-West Europe
DE121,DE,Central-West Europe
DE122,DE,Central-West Europe
DE123,DE,Central-West Europe
DE124,DE,Central-West Europe
DE125,DE,Central-West Europe
DE126,DE,Central-West Europe
DE234,DE,Central-West Europe
DE235,DE,Central-West Europe
DE236,DE,Central-West Europe
DE237,DE,Central-West Europe
DE238,DE,Central-West Europe
DE239,DE,Central-West Europe
DE23A,DE,Central-West Europe
DE241,DE,Central-West Europe
DE242,DE,Central-West Europe
DE243,DE,Central-West Europe
DE244,DE,Central-West Europe
DE245,DE,Central-West Europe
DE246,DE,Central-West Europe
DE247,DE,Central-West Europe
DE248,DE,Central-West Europe
DE249,DE,Central-West Europe
DE24A,DE,Central-West Europe
DE24B,DE,Central-West Europe
DE24C,DE,Central-West Europe
DE24D,DE,Central-West Europe
DE251,DE,Central-West Europe
DE252,DE,Central-West Europe
DE253,DE,Central-West Europe
DEA16,DE,Central-West Europe
DEA17,DE,Central-West Europe
DEA18,DE,Central-West Europe
DEA19,DE,Central-West Europe
DEA1A,DE,Central-West Europe
DEA1B,DE,Central-West Europe
DE127,DE,Central-West Europe
DE128,DE,Central-West Europe
DE129,DE,Central-West Europe
DE12A,DE,Central-West Europe
DE12B,DE,Central-West Europe
DE12C,DE,Central-West Europe
DE131,DE,Central-West Europe
DE132,DE,Central-West Europe
DE133,DE,Central-West Europe
DE134,DE,Central-West Europe
DE135,DE,Central-West Europe
DE136,DE,Central-West Europe
DE137,DE,Central-West Europe
DE138,DE,Central-West Europe
DE139,DE,Central-West Europe
DE13A,DE,Central-West Europe
DE141,DE,Central-West Europe
DE142,DE,Central-West Europe
DE143,DE,Central-West Europe
DE144,DE,Central-West Europe
DE145,DE,Central-West Europe
DE146,DE,Central-West Europe
DE147,DE,Central-West Europe
DE148,DE,Central-West Europe
DE149,DE,Central-West Europe
DE211,DE,Central-West Europe
DE212,DE,Central-West Europe
DE213,DE,Central-West Europe
DE214,DE,Central-West Europe
DE215,DE,Central-West Europe
DE216,DE,Central-West Europe
DE217,DE,Central-West Europe
DE218,DE,Central-West Europe
DE219,DE,Central-West Europe
DE21A,DE,Central-West Europe
DE21B,DE,Central-West Europe
DE21C,DE,Central-West Europe
DE21D,DE,Central-West Europe
DE21E,DE,Central-West Europe
DE21F,DE,Central-West Europe
DE21G,DE,Central-West Europe
DE21H,DE,Central-West Europe
DE21I,DE,Central-West Europe
DE21J,DE,Central-West Europe
DE21K,DE,Central-West Europe
DE21L,DE,Central-West Europe
DE21M,DE,Central-West Europe
DE21N,DE,Central-West Europe
DE221,DE,Central-West Europe
DE222,DE,Central-West Europe
DE223,DE,Central-West Europe
DE224,DE,Central-West Europe
DE225,DE,Central-West Europe
DE226,DE,Central-West Europe
DE227,DE,Central-West Europe
DE228,DE,Central-West Europe
DE229,DE,Central-West Europe
DE22A,DE,Central-West Europe
DE22B,DE,Central-West Europe
DE22C,DE,Central-West Europe
DE231,DE,Central-West Europe
DE232,DE,Central-West Europe
DE233,DE,Central-West Europe
DEE0B,DE,Central-West Europe
DEE0C,DE,Central-West Europe
DEE0D,DE,Central-West Europe
DEE0E,DE,Central-West Europe
DEF01,DE,Central-West Europe
DEF02,DE,Central-West Europe
DEF03,DE,Central-West Europe
DEF04,DE,Central-West Europe
DEF05,DE,Central-West Europe
DED51,DE,Central-West Europe
DED52,DE,Central-West Europe
DED53,DE,Central-West Europe
DEE01,DE,Central-West Europe
DEE02,DE,Central-West Europe
DEE03,DE,Central-West Europe
DEE04,DE,Central-West Europe
DEE05,DE,Central-West Europe
DEE06,DE,Central-West Europe
DEE07,DE,Central-West Europe
DEE08,DE,Central-West Europe
DEE09,DE,Central-West Europe
DEE0A,DE,Central-West Europe
DEF06,DE,Central-West Europe
DEF07,DE,Central-West Europe
DEF08,DE,Central-West Europe
DEF09,DE,Central-West Europe
DEF0A,DE,Central-West Europe
DEF0B,DE,Central-West Europe
DEF0C,DE,Central-West Europe
DEF0D,DE,Central-West Europe
DEF0E,DE,Central-West Europe
DEF0F,DE,Central-West Europe
DEG01,DE,Central-West Europe
DEG02,DE,Central-West Europe
DEG03,DE,Central-West Europe
DEG04,DE,Central-West Europe
DEG05,DE,Central-West Europe
DEG06,DE,Central-West Europe
DEG07,DE,Central-West Europe
DEG09,DE,Central-West Europe
DEG0A,DE,Central-West Europe
DEG0B,DE,Central-West Europe
DEG0C,DE,Central-West Europe
DEG0D,DE,Central-West Europe
DEG0E,DE,Central-West Europe
DEG0F,DE,Central-West Europe
DEG0G,DE,Central-West Europe
DEG0H,DE,Central-West Europe
DEG0I,DE,Central-West Europe
DEG0J,DE,Central-West Europe
DEG0K,DE,Central-West Europe
DEG0L,DE,Central-West Europe
DEG0M,DE,Central-West Europe
DEG0N,DE,Central-West Europe
DEG0P,DE,Central-West Europe
DE943,DE,Central-West Europe
DE944,DE,Central-West Europe
DE945,DE,Central-West Europe
DE946,DE,Central-West Europe
DE947,DE,Central-West Europe
DE948,DE,Central-West Europe
DE949,DE,Central-West Europe
DE94A,DE,Central-West Europe
DE94B,DE,Central-West Europe
DE94C,DE,Central-West Europe
DE94D,DE,Central-West Europe
DE94E,DE,Central-West Europe
DE94F,DE,Central-West Europe
DE94G,DE,Central-West Europe
DE94H,DE,Central-West Europe
DEA11,DE,Central-West Europe
DEA12,DE,Central-West Europe
DEA13,DE,Central-West Europe
DEA14,DE,Central-West Europe
DEA15,DE,Central-West Europe
DEA1C,DE,Central-West Europe
DEA1D,DE,Central-West Europe
DEA1E,DE,Central-West Europe
DEA1F,DE,Central-West Europe
DEA22,DE,Central-West Europe
DEA23,DE,Central-West Europe
DEA24,DE,Central-West Europe
DEA26,DE,Central-West Europe
DEA27,DE,Central-West Europe
DEA28,DE,Central-West Europe
DEA29,DE,Central-West Europe
DEA2A,DE,Central-West Europe
DEA2B,DE,Central-West Europe
DEA2C,DE,Central-West Europe
DEA2D,DE,Central-West Europe
DEA31,DE,Central-West Europe
DEA32,DE,Central-West Europe
DEA33,DE,Central-West Europe
DEA34,DE,Central-West Europe
DEA35,DE,Central-West Europe
DEA36,DE,Central-West Europe
DEA37,DE,Central-West Europe
DEA38,DE,Central-West Europe
DEA41,DE,Central-West Europe
DEA42,DE,Central-West Europe
DEA43,DE,Central-West Europe
DEA44,DE,Central-West Europe
DEA45,DE,Central-West Europe
DEA46,DE,Central-West Europe
DEA47,DE,Central-West Europe
DEA51,DE,Central-West Europe
DEA52,DE,Central-West Europe
DEA53,DE,Central-West Europe
DEA54,DE,Central-West Europe
DEA55,DE,Central-West Europe
DEA56,DE,Central-West Europe
DEA57,DE,Central-West Europe
DEA58,DE,Central-West Europe
DEA59,DE,Central-West Europe
DEA5A,DE,Central-West Europe
DEA5B,DE,Central-West Europe
DEA5C,DE,Central-West Europe
DEB11,DE,Central-West Europe
DEB12,DE,Central-West Europe
DEB13,DE,Central-West Europe
DEB14,DE,Central-West Europe
DEB15,DE,Central-West Europe
DEB17,DE,Central-West Europe
DEB18,DE,Central-West Europe
DEB1A,DE,Central-West Europe
DEB1B,DE,Central-West Europe
DEB1C,DE,Central-West Europe
DEB1D,DE,Central-West Europe
DEB21,DE,Central-West Europe
DEB22,DE,Central-West Europe
DEB23,DE,Central-West Europe
DEB24,DE,Central-West Europe
DEB25,DE,Central-West Europe
DEB31,DE,Central-West Europe
DEB32,DE,Central-West Europe
DEB33,DE,Central-West Europe
DEB34,DE,Central-West Europe
DEB35,DE,Central-West Europe
DEB36,DE,Central-West Europe
DEB37,DE,Central-West Europe
DEB38,DE,Central-West Europe
DEB39,DE,Central-West Europe
DEB3A,DE,Central-West Europe
DEB3B,DE,Central-West Europe
DEB3C,DE,Central-West Europe
DEB3D,DE,Central-West Europe
DEB3E,DE,Central-West Europe
DEB3F,DE,Central-West Europe
DEB3G,DE,Central-West Europe
DEB3H,DE,Central-West Europe
DEB3I,DE,Central-West Europe
DEB3J,DE,Central-West Europe
DEB3K,DE,Central-West Europe
DEC01,DE,Central-West Europe
DEC02,DE,Central-West Europe
DEC03,DE,Central-West Europe
DEC04,DE,Central-West Europe
DEC05,DE,Central-West Europe
DEC06,DE,Central-West Europe
DED21,DE,Central-West Europe
DED2C,DE,Central-West Europe
DED2D,DE,Central-West Europe
DED2E,DE,Central-West Europe
DED2F,DE,Central-West Europe
DED41,DE,Central-West Europe
DED42,DE,Central-West Europe
DED43,DE,Central-West Europe
DED44,DE,Central-West Europe
DED45,DE,Central-West Europe
DE275,DE,Central-West Europe
DE276,DE,Central-West Europe
DE277,DE,Central-West Europe
DE278,DE,Central-West Europe
DE279,DE,Central-West Europe
DE27A,DE,Central-West Europe
DE27B,DE,Central-West Europe
DE27C,DE,Central-West Europe
DE27D,DE,Central-West Europe
DE27E,DE,Central-West Europe
DE300,DE,Central-West Europe
DE401,DE,Central-West Europe
DE402,DE,Central-West Europe
DE403,DE,Central-West Europe
DE404,DE,Central-West Europe
DE405,DE,Central-West Europe
DE406,DE,Central-West Europe
DE407,DE,Central-West Europe
DE408,DE,Central-West Europe
DE409,DE,Central-West Europe
DE40A,DE,Central-West Europe
DE40B,DE,Central-West Europe
DE40C,DE,Central-West Europe
DE40D,DE,Central-West Europe
DE40E,DE,Central-West Europe
DE40F,DE,Central-West Europe
DE40G,DE,Central-West Europe
DE40H,DE,Central-West Europe
DE40I,DE,Central-West Europe
DE501,DE,Central-West Europe
DE502,DE,Central-West Europe
DE600,DE,Central-West Europe
DE711,DE,Central-West Europe
DE712,DE,Central-West Europe
DE713,DE,Central-West Europe
DE714,DE,Central-West Europe
DE715,DE,Central-West Europe
DE716,DE,Central-West Europe
DE717,DE,Central-West Europe
DE718,DE,Central-West Europe
DE719,DE,Central-West Europe
DE71A,DE,Central-West Europe
DE71B,DE,Central-West Europe
DE71C,DE,Central-West Europe
DE71D,DE,Central-West Europe
DE71E,DE,Central-West Europe
DE721,DE,Central-West Europe
DE722,DE,Central-West Europe
DE723,DE,Central-West Europe
DE724,DE,Central-West Europe
DE725,DE,Central-West Europe
DE731,DE,Central-West Europe
DE732,DE,Central-West Europe
DE733,DE,Central-West Europe
DE734,DE,Central-West Europe
DE735,DE,Central-West Europe
DE736,DE,Central-West Europe
DE737,DE,Central-West Europe
DE803,DE,Central-West Europe
DE804,DE,Central-West Europe
DE80J,DE,Central-West Europe
DE80K,DE,Central-West Europe
DE80L,DE,Central-West Europe
DE80M,DE,Central-West Europe
DE80N,DE,Central-West Europe
DE80O,DE,Central-West Europe
DE911,DE,Central-West Europe
DE912,DE,Central-West Europe
DE913,DE,Central-West Europe
DE914,DE,Central-West Europe
DE916,DE,Central-West Europe
DE917,DE,Central-West Europe
DE918,DE,Central-West Europe
DE91A,DE,Central-West Europe
DE91B,DE,Central-West Europe
DE91C,DE,Central-West Europe
DE922,DE,Central-West Europe
DE923,DE,Central-West Europe
DE925,DE,Central-West Europe
DE926,DE,Central-West Europe
DE927,DE,Central-West Europe
DE928,DE,Central-West Europe
DE929,DE,Central-West Europe
DE931,DE,Central-West Europe
DE932,DE,Central-West Europe
DE933,DE,Central-West Europe
DE934,DE,Central-West Europe
DE935,DE,Central-West Europe
DE936,DE,Central-West Europe
DE937,DE,Central-West Europe
DE938,DE,Central-West Europe
DE939,DE,Central-West Europe
DE93A,DE,Central-West Europe
DE93B,DE,Central-West Europe
DE941,DE,Central-West Europe
DE942,DE,Central-West Europe
HU110,HU,Central-East Europe
HU120,HU,Central-East Europe
HU211,HU,Central-East Europe
HU212,HU,Central-East Europe
HU213,HU,Central-East Europe
HU221,HU,Central-East Europe
HU222,HU,Central-East Europe
HU223,HU,Central-East Europe
HU231,HU,Central-East Europe
HU232,HU,Central-East Europe
HU233,HU,Central-East Europe
HU311,HU,Central-East Europe
HU312,HU,Central-East Europe
HU313,HU,Central-East Europe
HU321,HU,Central-East Europe
HU322,HU,Central-East Europe
HU323,HU,Central-East Europe
HU331,HU,Central-East Europe
HU332,HU,Central-East Europe
HU333,HU,Central-East Europe
IE041,IE,Central-West Europe
IE042,IE,Central-West Europe
IE051,IE,Central-West Europe
IE052,IE,Central-West Europe
IE053,IE,Central-West Europe
IE061,IE,Central-West Europe
IE062,IE,Central-West Europe
IE063,IE,Central-West Europe
ITF35,IT,South-West Europe
ITF43,IT,South-West Europe
ITF44,IT,South-West Europe
ITF45,IT,South-West Europe
ITF46,IT,South-West Europe
ITF47,IT,South-West Europe
ITF48,IT,South-West Europe
ITF51,IT,South-West Europe
ITF52,IT,South-West Europe
ITF61,IT,South-West Europe
ITC4C,IT,South-West Europe
ITC4D,IT,South-West Europe
ITF11,IT,South-West Europe
ITF12,IT,South-West Europe
ITF13,IT,South-West Europe
ITF14,IT,South-West Europe
ITF21,IT,South-West Europe
ITF22,IT,South-West Europe
ITF31,IT,South-West Europe
ITF32,IT,South-West Europe
ITF33,IT,South-West Europe
ITF34,IT,South-West Europe
ITF62,IT,South-West Europe
ITF63,IT,South-West Europe
ITF64,IT,South-West Europe
ITF65,IT,South-West Europe
ITG11,IT,South-West Europe
ITG12,IT,South-West Europe
ITG13,IT,South-West Europe
ITG14,IT,South-West Europe
ITG15,IT,South-West Europe
ITG16,IT,South-West Europe
ITG17,IT,South-West Europe
ITG18,IT,South-West Europe
ITG19,IT,South-West Europe
ITG2D,IT,South-West Europe
ITG2E,IT,South-West Europe
ITG2H,IT,South-West Europe
ITG2G,IT,South-West Europe
ITH10,IT,South-West Europe
ITH20,IT,South-West Europe
ITH31,IT,South-West Europe
ITH32,IT,South-West Europe
ITH33,IT,South-West Europe
ITH34,IT,South-West Europe
ITH35,IT,South-West Europe
ITH36,IT,South-West Europe
ITH37,IT,South-West Europe
ITH41,IT,South-West Europe
ITH42,IT,South-West Europe
ITH43,IT,South-West Europe
ITH44,IT,South-West Europe
ITH51,IT,South-West Europe
ITH52,IT,South-West Europe
ITH53,IT,South-West Europe
ITH54,IT,South-West Europe
ITH55,IT,South-West Europe
ITH56,IT,South-West Europe
ITH57,IT,South-West Europe
ITH58,IT,South-West Europe
ITH59,IT,South-West Europe
ITI11,IT,South-West Europe
ITI12,IT,South-West Europe
ITI13,IT,South-West Europe
ITI14,IT,South-West Europe
ITI15,IT,South-West Europe
ITI16,IT,South-West Europe
ITI17,IT,South-West Europe
ITI18,IT,South-West Europe
ITI19,IT,South-West Europe
ITI1A,IT,South-West Europe
ITI21,IT,South-West Europe
ITI22,IT,South-West Europe
ITI31,IT,South-West Europe
ITI32,IT,South-West Europe
ITI33,IT,South-West Europe
ITI34,IT,South-West Europe
ITI35,IT,South-West Europe
ITI41,IT,South-West Europe
ITI42,IT,South-West Europe
ITI43,IT,South-West Europe
ITI44,IT,South-West Europe
ITI45,IT,South-West Europe
ITC11,IT,South-West Europe
ITC12,IT,South-West Europe
ITC13,IT,South-West Europe
ITC14,IT,South-West Europe
ITC15,IT,South-West Europe
ITC16,IT,South-West Europe
ITC17,IT,South-West Europe
ITC18,IT,South-West Europe
ITC20,IT,South-West Europe
ITC31,IT,South-West Europe
ITC32,IT,South-West Europe
ITC33,IT,South-West Europe
ITC34,IT,South-West Europe
ITC41,IT,South-West Europe
ITC42,IT,South-West Europe
ITC43,IT,South-West Europe
ITC44,IT,South-West Europe
ITC46,IT,South-West Europe
ITC47,IT,South-West Europe
ITC48,IT,South-West Europe
ITC49,IT,South-West Europe
ITC4A,IT,South-West Europe
ITC4B,IT,South-West Europe
ITG2F,IT,South-West Europe
LV003,LV,North Europe
LV005,LV,North Europe
LV006,LV,North Europe
LV007,LV,North Europe
LV008,LV,North Europe
LV009,LV,North Europe
LT021,LT,North Europe
LT022,LT,North Europe
LT023,LT,North Europe
LT024,LT,North Europe
LT025,LT,North Europe
LT026,LT,North Europe
LT027,LT,North Europe
LT028,LT,North Europe
LT029,LT,North Europe
LT011,LT,North Europe
LU000,LU,Central-West Europe
MT001,MT,South-West Europe
MT002,MT,South-West Europe
NL324,NL,Central West Europe
NL325,NL,Central West Europe
NL327,NL,Central West Europe
NL328,NL,Central West Europe
NL329,NL,Central West Europe
NL332,NL,Central West Europe
NL333,NL,Central West Europe
NL337,NL,Central West Europe
NL33A,NL,Central West Europe
NL33B,NL,Central West Europe
NL33C,NL,Central West Europe
NL341,NL,Central West Europe
NL342,NL,Central West Europe
NL411,NL,Central West Europe
NL412,NL,Central West Europe
NL413,NL,Central West Europe
NL414,NL,Central West Europe
NL421,NL,Central West Europe
NL111,NL,Central West Europe
NL112,NL,Central West Europe
NL113,NL,Central West Europe
NL124,NL,Central West Europe
NL125,NL,Central West Europe
NL126,NL,Central West Europe
NL131,NL,Central West Europe
NL132,NL,Central West Europe
NL133,NL,Central West Europe
NL211,NL,Central West Europe
NL212,NL,Central West Europe
NL213,NL,Central West Europe
NL221,NL,Central West Europe
NL224,NL,Central West Europe
NL225,NL,Central West Europe
NL226,NL,Central West Europe
NL230,NL,Central West Europe
NL310,NL,Central West Europe
NL321,NL,Central West Europe
NL323,NL,Central West Europe
NL422,NL,Central West Europe
NL423,NL,Central West Europe
PL213,PL,Central-East Europe
PL214,PL,Central-East Europe
PL217,PL,Central-East Europe
PL218,PL,Central-East Europe
PL219,PL,Central-East Europe
PL21A,PL,Central-East Europe
PL224,PL,Central-East Europe
PL225,PL,Central-East Europe
PL227,PL,Central-East Europe
PL228,PL,Central-East Europe
PL229,PL,Central-East Europe
PL22A,PL,Central-East Europe
PL22B,PL,Central-East Europe
PL22C,PL,Central-East Europe
PL411,PL,Central-East Europe
PL414,PL,Central-East Europe
PL415,PL,Central-East Europe
PL416,PL,Central-East Europe
PL417,PL,Central-East Europe
PL418,PL,Central-East Europe
PL424,PL,Central-East Europe
PL426,PL,Central-East Europe
PL427,PL,Central-East Europe
PL428,PL,Central-East Europe
PL431,PL,Central-East Europe
PL432,PL,Central-East Europe
PL514,PL,Central-East Europe
PL515,PL,Central-East Europe
PL516,PL,Central-East Europe
PL517,PL,Central-East Europe
PL518,PL,Central-East Europe
PL523,PL,Central-East Europe
PL524,PL,Central-East Europe
PL613,PL,Central-East Europe
PL616,PL,Central-East Europe
PL617,PL,Central-East Europe
PL618,PL,Central-East Europe
PL619,PL,Central-East Europe
PL621,PL,Central-East Europe
PL622,PL,Central-East Europe
PL623,PL,Central-East Europe
PL633,PL,Central-East Europe
PL634,PL,Central-East Europe
PL636,PL,Central-East Europe
PL637,PL,Central-East Europe
PL638,PL,Central-East Europe
PL711,PL,Central-East Europe
PL712,PL,Central-East Europe
PL713,PL,Central-East Europe
PL714,PL,Central-East Europe
PL715,PL,Central-East Europe
PL721,PL,Central-East Europe
PL722,PL,Central-East Europe
PL811,PL,Central-East Europe
PL812,PL,Central-East Europe
PL814,PL,Central-East Europe
PL815,PL,Central-East Europe
PL821,PL,Central-East Europe
PL822,PL,Central-East Europe
PL823,PL,Central-East Europe
PL824,PL,Central-East Europe
PL841,PL,Central-East Europe
PL842,PL,Central-East Europe
PL843,PL,Central-East Europe
PL911,PL,Central-East Europe
PL912,PL,Central-East Europe
PL913,PL,Central-East Europe
PL921,PL,Central-East Europe
PL922,PL,Central-East Europe
PL923,PL,Central-East Europe
PL924,PL,Central-East Europe
PL925,PL,Central-East Europe
PL926,PL,Central-East Europe
PT16D,PT,South-West Europe
PT16E,PT,South-West Europe
PT16F,PT,South-West Europe
PT16G,PT,South-West Europe
PT16H,PT,South-West Europe
PT16I,PT,South-West Europe
PT16J,PT,South-West Europe
PT170,PT,South-West Europe
PT181,PT,South-West Europe
PT184,PT,South-West Europe
PT185,PT,South-West Europe
PT186,PT,South-West Europe
PT187,PT,South-West Europe
PT111,PT,South-West Europe
PT112,PT,South-West Europe
PT119,PT,South-West Europe
PT11A,PT,South-West Europe
PT11B,PT,South-West Europe
PT11C,PT,South-West Europe
PT11D,PT,South-West Europe
PT11E,PT,South-West Europe
PT150,PT,South-West Europe
PT16B,PT,South-West Europe
PT200,PT,South-West Europe
PT300,PT,South-West Europe
RO122,RO,Central-East Europe
RO123,RO,Central-East Europe
RO124,RO,Central-East Europe
RO125,RO,Central-East Europe
RO126,RO,Central-East Europe
RO211,RO,Central-East Europe
RO212,RO,Central-East Europe
RO213,RO,Central-East Europe
RO214,RO,Central-East Europe
RO215,RO,Central-East Europe
RO216,RO,Central-East Europe
RO221,RO,Central-East Europe
RO222,RO,Central-East Europe
RO223,RO,Central-East Europe
RO224,RO,Central-East Europe
RO225,RO,Central-East Europe
RO226,RO,Central-East Europe
RO311,RO,Central-East Europe
RO312,RO,Central-East Europe
RO313,RO,Central-East Europe
RO314,RO,Central-East Europe
RO315,RO,Central-East Europe
RO316,RO,Central-East Europe
RO317,RO,Central-East Europe
RO321,RO,Central-East Europe
RO322,RO,Central-East Europe
RO411,RO,Central-East Europe
RO412,RO,Central-East Europe
RO413,RO,Central-East Europe
RO414,RO,Central-East Europe
RO415,RO,Central-East Europe
RO421,RO,Central-East Europe
RO422,RO,Central-East Europe
RO423,RO,Central-East Europe
RO424,RO,Central-East Europe
RO111,RO,Central-East Europe
RO112,RO,Central-East Europe
RO113,RO,Central-East Europe
RO114,RO,Central-East Europe
RO115,RO,Central-East Europe
RO116,RO,Central-East Europe
RO121,RO,Central-East Europe
SK010,SK,Central-East Europe
SK021,SK,Central-East Europe
SK022,SK,Central-East Europe
SK023,SK,Central-East Europe
SK031,SK,Central-East Europe
SK032,SK,Central-East Europe
SK041,SK,Central-East Europe
SK042,SK,Central-East Europe
SI031,SI,South-East Europe
SI042,SI,South-East Europe
SI043,SI,South-East Europe
SI044,SI,South-East Europe
SI032,SI,South-East Europe
SI033,SI,South-East Europe
SI034,SI,South-East Europe
SI035,SI,South-East Europe
SI036,SI,South-East Europe
SI037,SI,South-East Europe
SI038,SI,South-East Europe
SI041,SI,South-East Europe
ES709,ES,South-West Europe
ES111,ES,South-West Europe
ES112,ES,South-West Europe
ES113,ES,South-West Europe
ES114,ES,South-West Europe
ES120,ES,South-West Europe
ES130,ES,South-West Europe
ES211,ES,South-West Europe
ES212,ES,South-West Europe
ES213,ES,South-West Europe
ES220,ES,South-West Europe
ES230,ES,South-West Europe
ES241,ES,South-West Europe
ES242,ES,South-West Europe
ES243,ES,South-West Europe
ES300,ES,South-West Europe
ES411,ES,South-West Europe
ES412,ES,South-West Europe
ES413,ES,South-West Europe
ES414,ES,South-West Europe
ES415,ES,South-West Europe
ES416,ES,South-West Europe
ES417,ES,South-West Europe
ES418,ES,South-West Europe
ES419,ES,South-West Europe
ES421,ES,South-West Europe
ES422,ES,South-West Europe
ES423,ES,South-West Europe
ES424,ES,South-West Europe
ES425,ES,South-West Europe
ES431,ES,South-West Europe
ES432,ES,South-West Europe
ES511,ES,South-West Europe
ES512,ES,South-West Europe
ES513,ES,South-West Europe
ES514,ES,South-West Europe
ES521,ES,South-West Europe
ES522,ES,South-West Europe
ES523,ES,South-West Europe
ES531,ES,South-West Europe
ES532,ES,South-West Europe
ES533,ES,South-West Europe
ES611,ES,South-West Europe
ES612,ES,South-West Europe
ES613,ES,South-West Europe
ES614,ES,South-West Europe
ES615,ES,South-West Europe
ES616,ES,South-West Europe
ES617,ES,South-West Europe
ES618,ES,South-West Europe
ES620,ES,South-West Europe
ES630,ES,South-West Europe
ES640,ES,South-West Europe
ES703,ES,South-West Europe
ES704,ES,South-West Europe
ES705,ES,South-West Europe
ES706,ES,South-West Europe
ES707,ES,South-West Europe
ES708,ES,South-West Europe
SE313,SE,North Europe
SE321,SE,North Europe
SE322,SE,North Europe
SE331,SE,North Europe
SE332,SE,North Europe
SE231,SE,North Europe
SE232,SE,North Europe
SE311,SE,North Europe
SE312,SE,North Europe
SE110,SE,North Europe
SE121,SE,North Europe
SE122,SE,North Europe
SE123,SE,North Europe
SE124,SE,North Europe
SE125,SE,North Europe
SE211,SE,North Europe
SE212,SE,North Europe
SE213,SE,North Europe
SE214,SE,North Europe
SE221,SE,North Europe
SE224,SE,North Europe
